class index,filepaths,labels,data set
91,train/CANARY/001.jpg,CANARY,train
91,train/CANARY/002.jpg,CANARY,train
91,train/CANARY/003.jpg,CANARY,train
91,train/CANARY/004.jpg,CANARY,train
91,train/CANARY/005.jpg,CANARY,train
91,train/CANARY/006.jpg,CANARY,train
91,train/CANARY/007.jpg,CANARY,train
91,train/CANARY/008.jpg,CANARY,train
91,train/CANARY/009.jpg,CANARY,train
91,train/CANARY/010.jpg,CANARY,train
91,train/CANARY/011.jpg,CANARY,train
91,train/CANARY/012.jpg,CANARY,train
91,train/CANARY/013.jpg,CANARY,train
91,train/CANARY/014.jpg,CANARY,train
91,train/CANARY/015.jpg,CANARY,train
91,train/CANARY/016.jpg,CANARY,train
91,train/CANARY/017.jpg,CANARY,train
91,train/CANARY/018.jpg,CANARY,train
91,train/CANARY/019.jpg,CANARY,train
91,train/CANARY/020.jpg,CANARY,train
91,train/CANARY/021.jpg,CANARY,train
91,train/CANARY/022.jpg,CANARY,train
91,train/CANARY/023.jpg,CANARY,train
91,train/CANARY/024.jpg,CANARY,train
91,train/CANARY/025.jpg,CANARY,train
91,train/CANARY/026.jpg,CANARY,train
91,train/CANARY/027.jpg,CANARY,train
91,train/CANARY/028.jpg,CANARY,train
91,train/CANARY/029.jpg,CANARY,train
91,train/CANARY/030.jpg,CANARY,train
91,train/CANARY/031.jpg,CANARY,train
91,train/CANARY/032.jpg,CANARY,train
91,train/CANARY/033.jpg,CANARY,train
91,train/CANARY/034.jpg,CANARY,train
91,train/CANARY/035.jpg,CANARY,train
91,train/CANARY/036.jpg,CANARY,train
91,train/CANARY/037.jpg,CANARY,train
91,train/CANARY/038.jpg,CANARY,train
91,train/CANARY/039.jpg,CANARY,train
91,train/CANARY/040.jpg,CANARY,train
91,train/CANARY/041.jpg,CANARY,train
91,train/CANARY/042.jpg,CANARY,train
91,train/CANARY/043.jpg,CANARY,train
91,train/CANARY/044.jpg,CANARY,train
91,train/CANARY/045.jpg,CANARY,train
91,train/CANARY/046.jpg,CANARY,train
91,train/CANARY/047.jpg,CANARY,train
91,train/CANARY/048.jpg,CANARY,train
91,train/CANARY/049.jpg,CANARY,train
91,train/CANARY/050.jpg,CANARY,train
91,train/CANARY/051.jpg,CANARY,train
91,train/CANARY/052.jpg,CANARY,train
91,train/CANARY/053.jpg,CANARY,train
91,train/CANARY/054.jpg,CANARY,train
91,train/CANARY/055.jpg,CANARY,train
91,train/CANARY/056.jpg,CANARY,train
91,train/CANARY/057.jpg,CANARY,train
91,train/CANARY/058.jpg,CANARY,train
91,train/CANARY/059.jpg,CANARY,train
91,train/CANARY/060.jpg,CANARY,train
91,train/CANARY/061.jpg,CANARY,train
91,train/CANARY/062.jpg,CANARY,train
91,train/CANARY/063.jpg,CANARY,train
91,train/CANARY/064.jpg,CANARY,train
91,train/CANARY/065.jpg,CANARY,train
91,train/CANARY/066.jpg,CANARY,train
91,train/CANARY/067.jpg,CANARY,train
91,train/CANARY/068.jpg,CANARY,train
91,train/CANARY/069.jpg,CANARY,train
91,train/CANARY/070.jpg,CANARY,train
91,train/CANARY/071.jpg,CANARY,train
91,train/CANARY/072.jpg,CANARY,train
91,train/CANARY/073.jpg,CANARY,train
91,train/CANARY/074.jpg,CANARY,train
91,train/CANARY/075.jpg,CANARY,train
91,train/CANARY/076.jpg,CANARY,train
91,train/CANARY/077.jpg,CANARY,train
91,train/CANARY/078.jpg,CANARY,train
91,train/CANARY/079.jpg,CANARY,train
91,train/CANARY/080.jpg,CANARY,train
91,train/CANARY/081.jpg,CANARY,train
91,train/CANARY/082.jpg,CANARY,train
91,train/CANARY/083.jpg,CANARY,train
91,train/CANARY/084.jpg,CANARY,train
91,train/CANARY/085.jpg,CANARY,train
91,train/CANARY/086.jpg,CANARY,train
91,train/CANARY/087.jpg,CANARY,train
91,train/CANARY/088.jpg,CANARY,train
91,train/CANARY/089.jpg,CANARY,train
91,train/CANARY/090.jpg,CANARY,train
91,train/CANARY/091.jpg,CANARY,train
91,train/CANARY/092.jpg,CANARY,train
91,train/CANARY/093.jpg,CANARY,train
91,train/CANARY/094.jpg,CANARY,train
91,train/CANARY/095.jpg,CANARY,train
91,train/CANARY/096.jpg,CANARY,train
91,train/CANARY/097.jpg,CANARY,train
91,train/CANARY/098.jpg,CANARY,train
91,train/CANARY/099.jpg,CANARY,train
91,train/CANARY/100.jpg,CANARY,train
91,train/CANARY/101.jpg,CANARY,train
91,train/CANARY/102.jpg,CANARY,train
91,train/CANARY/103.jpg,CANARY,train
91,train/CANARY/104.jpg,CANARY,train
91,train/CANARY/105.jpg,CANARY,train
91,train/CANARY/106.jpg,CANARY,train
91,train/CANARY/107.jpg,CANARY,train
91,train/CANARY/108.jpg,CANARY,train
91,train/CANARY/109.jpg,CANARY,train
91,train/CANARY/110.jpg,CANARY,train
91,train/CANARY/111.jpg,CANARY,train
91,train/CANARY/112.jpg,CANARY,train
91,train/CANARY/113.jpg,CANARY,train
91,train/CANARY/114.jpg,CANARY,train
91,train/CANARY/115.jpg,CANARY,train
91,train/CANARY/116.jpg,CANARY,train
91,train/CANARY/117.jpg,CANARY,train
91,train/CANARY/118.jpg,CANARY,train
91,train/CANARY/119.jpg,CANARY,train
91,train/CANARY/120.jpg,CANARY,train
91,train/CANARY/121.jpg,CANARY,train
91,train/CANARY/122.jpg,CANARY,train
91,train/CANARY/123.jpg,CANARY,train
91,train/CANARY/124.jpg,CANARY,train
91,train/CANARY/125.jpg,CANARY,train
91,train/CANARY/126.jpg,CANARY,train
91,train/CANARY/127.jpg,CANARY,train
91,train/CANARY/128.jpg,CANARY,train
91,train/CANARY/129.jpg,CANARY,train
91,train/CANARY/130.jpg,CANARY,train
91,train/CANARY/131.jpg,CANARY,train
91,train/CANARY/132.jpg,CANARY,train
91,train/CANARY/133.jpg,CANARY,train
91,train/CANARY/134.jpg,CANARY,train
91,train/CANARY/135.jpg,CANARY,train
91,train/CANARY/136.jpg,CANARY,train
91,train/CANARY/138.jpg,CANARY,train
91,train/CANARY/139.jpg,CANARY,train
91,train/CANARY/140.jpg,CANARY,train
91,train/CANARY/141.jpg,CANARY,train
91,train/CANARY/142.jpg,CANARY,train
91,train/CANARY/143.jpg,CANARY,train
91,train/CANARY/144.jpg,CANARY,train
91,train/CANARY/145.jpg,CANARY,train
91,train/CANARY/146.jpg,CANARY,train
91,train/CANARY/147.jpg,CANARY,train
91,train/CANARY/148.jpg,CANARY,train
91,train/CANARY/149.jpg,CANARY,train
91,train/CANARY/150.jpg,CANARY,train
91,train/CANARY/151.jpg,CANARY,train
91,train/CANARY/152.jpg,CANARY,train
91,train/CANARY/153.jpg,CANARY,train
91,train/CANARY/154.jpg,CANARY,train
91,train/CANARY/155.jpg,CANARY,train
91,train/CANARY/156.jpg,CANARY,train
91,train/CANARY/157.jpg,CANARY,train
91,train/CANARY/158.jpg,CANARY,train
91,train/CANARY/159.jpg,CANARY,train
91,train/CANARY/160.jpg,CANARY,train
91,train/CANARY/161.jpg,CANARY,train
139,train/CROW/001.jpg,CROW,train
139,train/CROW/002.jpg,CROW,train
139,train/CROW/003.jpg,CROW,train
139,train/CROW/004.jpg,CROW,train
139,train/CROW/005.jpg,CROW,train
139,train/CROW/006.jpg,CROW,train
139,train/CROW/007.jpg,CROW,train
139,train/CROW/008.jpg,CROW,train
139,train/CROW/009.jpg,CROW,train
139,train/CROW/010.jpg,CROW,train
139,train/CROW/011.jpg,CROW,train
139,train/CROW/012.jpg,CROW,train
139,train/CROW/013.jpg,CROW,train
139,train/CROW/014.jpg,CROW,train
139,train/CROW/015.jpg,CROW,train
139,train/CROW/016.jpg,CROW,train
139,train/CROW/017.jpg,CROW,train
139,train/CROW/018.jpg,CROW,train
139,train/CROW/019.jpg,CROW,train
139,train/CROW/020.jpg,CROW,train
139,train/CROW/021.jpg,CROW,train
139,train/CROW/022.jpg,CROW,train
139,train/CROW/023.jpg,CROW,train
139,train/CROW/024.jpg,CROW,train
139,train/CROW/025.jpg,CROW,train
139,train/CROW/026.jpg,CROW,train
139,train/CROW/027.jpg,CROW,train
139,train/CROW/028.jpg,CROW,train
139,train/CROW/029.jpg,CROW,train
139,train/CROW/030.jpg,CROW,train
139,train/CROW/031.jpg,CROW,train
139,train/CROW/032.jpg,CROW,train
139,train/CROW/033.jpg,CROW,train
139,train/CROW/034.jpg,CROW,train
139,train/CROW/035.jpg,CROW,train
139,train/CROW/036.jpg,CROW,train
139,train/CROW/037.jpg,CROW,train
139,train/CROW/038.jpg,CROW,train
139,train/CROW/039.jpg,CROW,train
139,train/CROW/040.jpg,CROW,train
139,train/CROW/041.jpg,CROW,train
139,train/CROW/042.jpg,CROW,train
139,train/CROW/043.jpg,CROW,train
139,train/CROW/044.jpg,CROW,train
139,train/CROW/045.jpg,CROW,train
139,train/CROW/046.jpg,CROW,train
139,train/CROW/047.jpg,CROW,train
139,train/CROW/048.jpg,CROW,train
139,train/CROW/049.jpg,CROW,train
139,train/CROW/050.jpg,CROW,train
139,train/CROW/051.jpg,CROW,train
139,train/CROW/052.jpg,CROW,train
139,train/CROW/053.jpg,CROW,train
139,train/CROW/054.jpg,CROW,train
139,train/CROW/055.jpg,CROW,train
139,train/CROW/056.jpg,CROW,train
139,train/CROW/057.jpg,CROW,train
139,train/CROW/058.jpg,CROW,train
139,train/CROW/059.jpg,CROW,train
139,train/CROW/060.jpg,CROW,train
139,train/CROW/061.jpg,CROW,train
139,train/CROW/062.jpg,CROW,train
139,train/CROW/063.jpg,CROW,train
139,train/CROW/064.jpg,CROW,train
139,train/CROW/065.jpg,CROW,train
139,train/CROW/066.jpg,CROW,train
139,train/CROW/067.jpg,CROW,train
139,train/CROW/068.jpg,CROW,train
139,train/CROW/069.jpg,CROW,train
139,train/CROW/070.jpg,CROW,train
139,train/CROW/071.jpg,CROW,train
139,train/CROW/072.jpg,CROW,train
139,train/CROW/073.jpg,CROW,train
139,train/CROW/074.jpg,CROW,train
139,train/CROW/075.jpg,CROW,train
139,train/CROW/076.jpg,CROW,train
139,train/CROW/077.jpg,CROW,train
139,train/CROW/078.jpg,CROW,train
139,train/CROW/079.jpg,CROW,train
139,train/CROW/080.jpg,CROW,train
139,train/CROW/081.jpg,CROW,train
139,train/CROW/082.jpg,CROW,train
139,train/CROW/083.jpg,CROW,train
139,train/CROW/084.jpg,CROW,train
139,train/CROW/085.jpg,CROW,train
139,train/CROW/086.jpg,CROW,train
139,train/CROW/087.jpg,CROW,train
139,train/CROW/088.jpg,CROW,train
139,train/CROW/089.jpg,CROW,train
139,train/CROW/090.jpg,CROW,train
139,train/CROW/091.jpg,CROW,train
139,train/CROW/092.jpg,CROW,train
139,train/CROW/093.jpg,CROW,train
139,train/CROW/094.jpg,CROW,train
139,train/CROW/095.jpg,CROW,train
139,train/CROW/096.jpg,CROW,train
139,train/CROW/097.jpg,CROW,train
139,train/CROW/098.jpg,CROW,train
139,train/CROW/099.jpg,CROW,train
139,train/CROW/100.jpg,CROW,train
139,train/CROW/101.jpg,CROW,train
139,train/CROW/102.jpg,CROW,train
139,train/CROW/103.jpg,CROW,train
139,train/CROW/104.jpg,CROW,train
139,train/CROW/105.jpg,CROW,train
139,train/CROW/106.jpg,CROW,train
139,train/CROW/107.jpg,CROW,train
139,train/CROW/108.jpg,CROW,train
139,train/CROW/109.jpg,CROW,train
139,train/CROW/110.jpg,CROW,train
139,train/CROW/111.jpg,CROW,train
139,train/CROW/112.jpg,CROW,train
139,train/CROW/113.jpg,CROW,train
139,train/CROW/114.jpg,CROW,train
139,train/CROW/115.jpg,CROW,train
139,train/CROW/116.jpg,CROW,train
139,train/CROW/117.jpg,CROW,train
139,train/CROW/118.jpg,CROW,train
139,train/CROW/119.jpg,CROW,train
139,train/CROW/120.jpg,CROW,train
247,train/KIWI/001.jpg,KIWI,train
247,train/KIWI/002.jpg,KIWI,train
247,train/KIWI/003.jpg,KIWI,train
247,train/KIWI/004.jpg,KIWI,train
247,train/KIWI/005.jpg,KIWI,train
247,train/KIWI/006.jpg,KIWI,train
247,train/KIWI/007.jpg,KIWI,train
247,train/KIWI/008.jpg,KIWI,train
247,train/KIWI/009.jpg,KIWI,train
247,train/KIWI/010.jpg,KIWI,train
247,train/KIWI/011.jpg,KIWI,train
247,train/KIWI/012.jpg,KIWI,train
247,train/KIWI/013.jpg,KIWI,train
247,train/KIWI/014.jpg,KIWI,train
247,train/KIWI/015.jpg,KIWI,train
247,train/KIWI/016.jpg,KIWI,train
247,train/KIWI/017.jpg,KIWI,train
247,train/KIWI/018.jpg,KIWI,train
247,train/KIWI/019.jpg,KIWI,train
247,train/KIWI/020.jpg,KIWI,train
247,train/KIWI/021.jpg,KIWI,train
247,train/KIWI/022.jpg,KIWI,train
247,train/KIWI/023.jpg,KIWI,train
247,train/KIWI/024.jpg,KIWI,train
247,train/KIWI/025.jpg,KIWI,train
247,train/KIWI/026.jpg,KIWI,train
247,train/KIWI/027.jpg,KIWI,train
247,train/KIWI/028.jpg,KIWI,train
247,train/KIWI/029.jpg,KIWI,train
247,train/KIWI/030.jpg,KIWI,train
247,train/KIWI/031.jpg,KIWI,train
247,train/KIWI/032.jpg,KIWI,train
247,train/KIWI/033.jpg,KIWI,train
247,train/KIWI/034.jpg,KIWI,train
247,train/KIWI/035.jpg,KIWI,train
247,train/KIWI/036.jpg,KIWI,train
247,train/KIWI/037.jpg,KIWI,train
247,train/KIWI/038.jpg,KIWI,train
247,train/KIWI/039.jpg,KIWI,train
247,train/KIWI/040.jpg,KIWI,train
247,train/KIWI/041.jpg,KIWI,train
247,train/KIWI/042.jpg,KIWI,train
247,train/KIWI/043.jpg,KIWI,train
247,train/KIWI/044.jpg,KIWI,train
247,train/KIWI/045.jpg,KIWI,train
247,train/KIWI/046.jpg,KIWI,train
247,train/KIWI/047.jpg,KIWI,train
247,train/KIWI/048.jpg,KIWI,train
247,train/KIWI/049.jpg,KIWI,train
247,train/KIWI/050.jpg,KIWI,train
247,train/KIWI/051.jpg,KIWI,train
247,train/KIWI/052.jpg,KIWI,train
247,train/KIWI/053.jpg,KIWI,train
247,train/KIWI/054.jpg,KIWI,train
247,train/KIWI/055.jpg,KIWI,train
247,train/KIWI/056.jpg,KIWI,train
247,train/KIWI/057.jpg,KIWI,train
247,train/KIWI/058.jpg,KIWI,train
247,train/KIWI/059.jpg,KIWI,train
247,train/KIWI/060.jpg,KIWI,train
247,train/KIWI/061.jpg,KIWI,train
247,train/KIWI/062.jpg,KIWI,train
247,train/KIWI/063.jpg,KIWI,train
247,train/KIWI/064.jpg,KIWI,train
247,train/KIWI/065.jpg,KIWI,train
247,train/KIWI/066.jpg,KIWI,train
247,train/KIWI/067.jpg,KIWI,train
247,train/KIWI/068.jpg,KIWI,train
247,train/KIWI/069.jpg,KIWI,train
247,train/KIWI/070.jpg,KIWI,train
247,train/KIWI/071.jpg,KIWI,train
247,train/KIWI/072.jpg,KIWI,train
247,train/KIWI/073.jpg,KIWI,train
247,train/KIWI/074.jpg,KIWI,train
247,train/KIWI/075.jpg,KIWI,train
247,train/KIWI/076.jpg,KIWI,train
247,train/KIWI/077.jpg,KIWI,train
247,train/KIWI/078.jpg,KIWI,train
247,train/KIWI/079.jpg,KIWI,train
247,train/KIWI/080.jpg,KIWI,train
247,train/KIWI/081.jpg,KIWI,train
247,train/KIWI/082.jpg,KIWI,train
247,train/KIWI/083.jpg,KIWI,train
247,train/KIWI/084.jpg,KIWI,train
247,train/KIWI/085.jpg,KIWI,train
247,train/KIWI/086.jpg,KIWI,train
247,train/KIWI/087.jpg,KIWI,train
247,train/KIWI/088.jpg,KIWI,train
247,train/KIWI/089.jpg,KIWI,train
247,train/KIWI/090.jpg,KIWI,train
247,train/KIWI/091.jpg,KIWI,train
247,train/KIWI/092.jpg,KIWI,train
247,train/KIWI/093.jpg,KIWI,train
247,train/KIWI/094.jpg,KIWI,train
247,train/KIWI/095.jpg,KIWI,train
247,train/KIWI/096.jpg,KIWI,train
247,train/KIWI/097.jpg,KIWI,train
247,train/KIWI/098.jpg,KIWI,train
247,train/KIWI/099.jpg,KIWI,train
247,train/KIWI/100.jpg,KIWI,train
247,train/KIWI/101.jpg,KIWI,train
247,train/KIWI/102.jpg,KIWI,train
247,train/KIWI/103.jpg,KIWI,train
247,train/KIWI/104.jpg,KIWI,train
247,train/KIWI/105.jpg,KIWI,train
247,train/KIWI/106.jpg,KIWI,train
247,train/KIWI/107.jpg,KIWI,train
247,train/KIWI/108.jpg,KIWI,train
247,train/KIWI/109.jpg,KIWI,train
247,train/KIWI/110.jpg,KIWI,train
247,train/KIWI/111.jpg,KIWI,train
247,train/KIWI/112.jpg,KIWI,train
247,train/KIWI/113.jpg,KIWI,train
247,train/KIWI/114.jpg,KIWI,train
247,train/KIWI/115.jpg,KIWI,train
247,train/KIWI/116.jpg,KIWI,train
247,train/KIWI/117.jpg,KIWI,train
247,train/KIWI/118.jpg,KIWI,train
247,train/KIWI/119.jpg,KIWI,train
247,train/KIWI/120.jpg,KIWI,train
247,train/KIWI/121.jpg,KIWI,train
247,train/KIWI/122.jpg,KIWI,train
247,train/KIWI/123.jpg,KIWI,train
247,train/KIWI/124.jpg,KIWI,train
247,train/KIWI/125.jpg,KIWI,train
247,train/KIWI/126.jpg,KIWI,train
247,train/KIWI/127.jpg,KIWI,train
247,train/KIWI/128.jpg,KIWI,train
247,train/KIWI/129.jpg,KIWI,train
247,train/KIWI/130.jpg,KIWI,train
247,train/KIWI/131.jpg,KIWI,train
247,train/KIWI/132.jpg,KIWI,train
247,train/KIWI/133.jpg,KIWI,train
247,train/KIWI/134.jpg,KIWI,train
247,train/KIWI/135.jpg,KIWI,train
247,train/KIWI/136.jpg,KIWI,train
247,train/KIWI/137.jpg,KIWI,train
247,train/KIWI/138.jpg,KIWI,train
296,train/PELICAN/001.jpg,PELICAN,train
296,train/PELICAN/002.jpg,PELICAN,train
296,train/PELICAN/003.jpg,PELICAN,train
296,train/PELICAN/004.jpg,PELICAN,train
296,train/PELICAN/005.jpg,PELICAN,train
296,train/PELICAN/006.jpg,PELICAN,train
296,train/PELICAN/007.jpg,PELICAN,train
296,train/PELICAN/008.jpg,PELICAN,train
296,train/PELICAN/009.jpg,PELICAN,train
296,train/PELICAN/010.jpg,PELICAN,train
296,train/PELICAN/011.jpg,PELICAN,train
296,train/PELICAN/012.jpg,PELICAN,train
296,train/PELICAN/013.jpg,PELICAN,train
296,train/PELICAN/014.jpg,PELICAN,train
296,train/PELICAN/015.jpg,PELICAN,train
296,train/PELICAN/016.jpg,PELICAN,train
296,train/PELICAN/017.jpg,PELICAN,train
296,train/PELICAN/018.jpg,PELICAN,train
296,train/PELICAN/019.jpg,PELICAN,train
296,train/PELICAN/020.jpg,PELICAN,train
296,train/PELICAN/021.jpg,PELICAN,train
296,train/PELICAN/022.jpg,PELICAN,train
296,train/PELICAN/023.jpg,PELICAN,train
296,train/PELICAN/024.jpg,PELICAN,train
296,train/PELICAN/025.jpg,PELICAN,train
296,train/PELICAN/026.jpg,PELICAN,train
296,train/PELICAN/027.jpg,PELICAN,train
296,train/PELICAN/028.jpg,PELICAN,train
296,train/PELICAN/029.jpg,PELICAN,train
296,train/PELICAN/030.jpg,PELICAN,train
296,train/PELICAN/031.jpg,PELICAN,train
296,train/PELICAN/032.jpg,PELICAN,train
296,train/PELICAN/033.jpg,PELICAN,train
296,train/PELICAN/034.jpg,PELICAN,train
296,train/PELICAN/035.jpg,PELICAN,train
296,train/PELICAN/036.jpg,PELICAN,train
296,train/PELICAN/037.jpg,PELICAN,train
296,train/PELICAN/038.jpg,PELICAN,train
296,train/PELICAN/039.jpg,PELICAN,train
296,train/PELICAN/040.jpg,PELICAN,train
296,train/PELICAN/041.jpg,PELICAN,train
296,train/PELICAN/042.jpg,PELICAN,train
296,train/PELICAN/043.jpg,PELICAN,train
296,train/PELICAN/044.jpg,PELICAN,train
296,train/PELICAN/045.jpg,PELICAN,train
296,train/PELICAN/046.jpg,PELICAN,train
296,train/PELICAN/047.jpg,PELICAN,train
296,train/PELICAN/048.jpg,PELICAN,train
296,train/PELICAN/049.jpg,PELICAN,train
296,train/PELICAN/050.jpg,PELICAN,train
296,train/PELICAN/051.jpg,PELICAN,train
296,train/PELICAN/052.jpg,PELICAN,train
296,train/PELICAN/053.jpg,PELICAN,train
296,train/PELICAN/054.jpg,PELICAN,train
296,train/PELICAN/055.jpg,PELICAN,train
296,train/PELICAN/056.jpg,PELICAN,train
296,train/PELICAN/057.jpg,PELICAN,train
296,train/PELICAN/058.jpg,PELICAN,train
296,train/PELICAN/059.jpg,PELICAN,train
296,train/PELICAN/060.jpg,PELICAN,train
296,train/PELICAN/061.jpg,PELICAN,train
296,train/PELICAN/062.jpg,PELICAN,train
296,train/PELICAN/063.jpg,PELICAN,train
296,train/PELICAN/064.jpg,PELICAN,train
296,train/PELICAN/065.jpg,PELICAN,train
296,train/PELICAN/066.jpg,PELICAN,train
296,train/PELICAN/067.jpg,PELICAN,train
296,train/PELICAN/068.jpg,PELICAN,train
296,train/PELICAN/069.jpg,PELICAN,train
296,train/PELICAN/070.jpg,PELICAN,train
296,train/PELICAN/071.jpg,PELICAN,train
296,train/PELICAN/072.jpg,PELICAN,train
296,train/PELICAN/073.jpg,PELICAN,train
296,train/PELICAN/074.jpg,PELICAN,train
296,train/PELICAN/075.jpg,PELICAN,train
296,train/PELICAN/076.jpg,PELICAN,train
296,train/PELICAN/077.jpg,PELICAN,train
296,train/PELICAN/078.jpg,PELICAN,train
296,train/PELICAN/079.jpg,PELICAN,train
296,train/PELICAN/080.jpg,PELICAN,train
296,train/PELICAN/081.jpg,PELICAN,train
296,train/PELICAN/082.jpg,PELICAN,train
296,train/PELICAN/083.jpg,PELICAN,train
296,train/PELICAN/084.jpg,PELICAN,train
296,train/PELICAN/085.jpg,PELICAN,train
296,train/PELICAN/086.jpg,PELICAN,train
296,train/PELICAN/087.jpg,PELICAN,train
296,train/PELICAN/088.jpg,PELICAN,train
296,train/PELICAN/089.jpg,PELICAN,train
296,train/PELICAN/090.jpg,PELICAN,train
296,train/PELICAN/091.jpg,PELICAN,train
296,train/PELICAN/092.jpg,PELICAN,train
296,train/PELICAN/093.jpg,PELICAN,train
296,train/PELICAN/094.jpg,PELICAN,train
296,train/PELICAN/095.jpg,PELICAN,train
296,train/PELICAN/096.jpg,PELICAN,train
296,train/PELICAN/097.jpg,PELICAN,train
296,train/PELICAN/098.jpg,PELICAN,train
296,train/PELICAN/099.jpg,PELICAN,train
296,train/PELICAN/100.jpg,PELICAN,train
296,train/PELICAN/101.jpg,PELICAN,train
296,train/PELICAN/102.jpg,PELICAN,train
296,train/PELICAN/103.jpg,PELICAN,train
296,train/PELICAN/104.jpg,PELICAN,train
296,train/PELICAN/105.jpg,PELICAN,train
296,train/PELICAN/106.jpg,PELICAN,train
296,train/PELICAN/107.jpg,PELICAN,train
296,train/PELICAN/108.jpg,PELICAN,train
296,train/PELICAN/109.jpg,PELICAN,train
296,train/PELICAN/110.jpg,PELICAN,train
296,train/PELICAN/111.jpg,PELICAN,train
296,train/PELICAN/112.jpg,PELICAN,train
296,train/PELICAN/113.jpg,PELICAN,train
296,train/PELICAN/114.jpg,PELICAN,train
296,train/PELICAN/115.jpg,PELICAN,train
296,train/PELICAN/116.jpg,PELICAN,train
296,train/PELICAN/117.jpg,PELICAN,train
296,train/PELICAN/118.jpg,PELICAN,train
296,train/PELICAN/119.jpg,PELICAN,train
296,train/PELICAN/120.jpg,PELICAN,train
370,train/TOUCHAN/001.jpg,TOUCHAN,train
370,train/TOUCHAN/002.jpg,TOUCHAN,train
370,train/TOUCHAN/003.jpg,TOUCHAN,train
370,train/TOUCHAN/004.jpg,TOUCHAN,train
370,train/TOUCHAN/005.jpg,TOUCHAN,train
370,train/TOUCHAN/006.jpg,TOUCHAN,train
370,train/TOUCHAN/007.jpg,TOUCHAN,train
370,train/TOUCHAN/008.jpg,TOUCHAN,train
370,train/TOUCHAN/009.jpg,TOUCHAN,train
370,train/TOUCHAN/010.jpg,TOUCHAN,train
370,train/TOUCHAN/011.jpg,TOUCHAN,train
370,train/TOUCHAN/012.jpg,TOUCHAN,train
370,train/TOUCHAN/013.jpg,TOUCHAN,train
370,train/TOUCHAN/014.jpg,TOUCHAN,train
370,train/TOUCHAN/015.jpg,TOUCHAN,train
370,train/TOUCHAN/016.jpg,TOUCHAN,train
370,train/TOUCHAN/017.jpg,TOUCHAN,train
370,train/TOUCHAN/018.jpg,TOUCHAN,train
370,train/TOUCHAN/019.jpg,TOUCHAN,train
370,train/TOUCHAN/020.jpg,TOUCHAN,train
370,train/TOUCHAN/021.jpg,TOUCHAN,train
370,train/TOUCHAN/022.jpg,TOUCHAN,train
370,train/TOUCHAN/023.jpg,TOUCHAN,train
370,train/TOUCHAN/024.jpg,TOUCHAN,train
370,train/TOUCHAN/025.jpg,TOUCHAN,train
370,train/TOUCHAN/026.jpg,TOUCHAN,train
370,train/TOUCHAN/027.jpg,TOUCHAN,train
370,train/TOUCHAN/028.jpg,TOUCHAN,train
370,train/TOUCHAN/029.jpg,TOUCHAN,train
370,train/TOUCHAN/030.jpg,TOUCHAN,train
370,train/TOUCHAN/031.jpg,TOUCHAN,train
370,train/TOUCHAN/032.jpg,TOUCHAN,train
370,train/TOUCHAN/033.jpg,TOUCHAN,train
370,train/TOUCHAN/034.jpg,TOUCHAN,train
370,train/TOUCHAN/035.jpg,TOUCHAN,train
370,train/TOUCHAN/036.jpg,TOUCHAN,train
370,train/TOUCHAN/037.jpg,TOUCHAN,train
370,train/TOUCHAN/038.jpg,TOUCHAN,train
370,train/TOUCHAN/039.jpg,TOUCHAN,train
370,train/TOUCHAN/040.jpg,TOUCHAN,train
370,train/TOUCHAN/041.jpg,TOUCHAN,train
370,train/TOUCHAN/042.jpg,TOUCHAN,train
370,train/TOUCHAN/043.jpg,TOUCHAN,train
370,train/TOUCHAN/044.jpg,TOUCHAN,train
370,train/TOUCHAN/045.jpg,TOUCHAN,train
370,train/TOUCHAN/046.jpg,TOUCHAN,train
370,train/TOUCHAN/047.jpg,TOUCHAN,train
370,train/TOUCHAN/048.jpg,TOUCHAN,train
370,train/TOUCHAN/049.jpg,TOUCHAN,train
370,train/TOUCHAN/050.jpg,TOUCHAN,train
370,train/TOUCHAN/051.jpg,TOUCHAN,train
370,train/TOUCHAN/052.jpg,TOUCHAN,train
370,train/TOUCHAN/053.jpg,TOUCHAN,train
370,train/TOUCHAN/054.jpg,TOUCHAN,train
370,train/TOUCHAN/055.jpg,TOUCHAN,train
370,train/TOUCHAN/056.jpg,TOUCHAN,train
370,train/TOUCHAN/057.jpg,TOUCHAN,train
370,train/TOUCHAN/058.jpg,TOUCHAN,train
370,train/TOUCHAN/059.jpg,TOUCHAN,train
370,train/TOUCHAN/060.jpg,TOUCHAN,train
370,train/TOUCHAN/061.jpg,TOUCHAN,train
370,train/TOUCHAN/062.jpg,TOUCHAN,train
370,train/TOUCHAN/063.jpg,TOUCHAN,train
370,train/TOUCHAN/064.jpg,TOUCHAN,train
370,train/TOUCHAN/065.jpg,TOUCHAN,train
370,train/TOUCHAN/066.jpg,TOUCHAN,train
370,train/TOUCHAN/067.jpg,TOUCHAN,train
370,train/TOUCHAN/068.jpg,TOUCHAN,train
370,train/TOUCHAN/069.jpg,TOUCHAN,train
370,train/TOUCHAN/070.jpg,TOUCHAN,train
370,train/TOUCHAN/071.jpg,TOUCHAN,train
370,train/TOUCHAN/072.jpg,TOUCHAN,train
370,train/TOUCHAN/073.jpg,TOUCHAN,train
370,train/TOUCHAN/074.jpg,TOUCHAN,train
370,train/TOUCHAN/075.jpg,TOUCHAN,train
370,train/TOUCHAN/076.jpg,TOUCHAN,train
370,train/TOUCHAN/077.jpg,TOUCHAN,train
370,train/TOUCHAN/078.jpg,TOUCHAN,train
370,train/TOUCHAN/079.jpg,TOUCHAN,train
370,train/TOUCHAN/080.jpg,TOUCHAN,train
370,train/TOUCHAN/081.jpg,TOUCHAN,train
370,train/TOUCHAN/082.jpg,TOUCHAN,train
370,train/TOUCHAN/083.jpg,TOUCHAN,train
370,train/TOUCHAN/084.jpg,TOUCHAN,train
370,train/TOUCHAN/085.jpg,TOUCHAN,train
370,train/TOUCHAN/086.jpg,TOUCHAN,train
370,train/TOUCHAN/087.jpg,TOUCHAN,train
370,train/TOUCHAN/088.jpg,TOUCHAN,train
370,train/TOUCHAN/089.jpg,TOUCHAN,train
370,train/TOUCHAN/090.jpg,TOUCHAN,train
370,train/TOUCHAN/091.jpg,TOUCHAN,train
370,train/TOUCHAN/092.jpg,TOUCHAN,train
370,train/TOUCHAN/093.jpg,TOUCHAN,train
370,train/TOUCHAN/094.jpg,TOUCHAN,train
370,train/TOUCHAN/095.jpg,TOUCHAN,train
370,train/TOUCHAN/096.jpg,TOUCHAN,train
370,train/TOUCHAN/097.jpg,TOUCHAN,train
370,train/TOUCHAN/098.jpg,TOUCHAN,train
370,train/TOUCHAN/099.jpg,TOUCHAN,train
370,train/TOUCHAN/100.jpg,TOUCHAN,train
370,train/TOUCHAN/101.jpg,TOUCHAN,train
370,train/TOUCHAN/102.jpg,TOUCHAN,train
370,train/TOUCHAN/103.jpg,TOUCHAN,train
370,train/TOUCHAN/104.jpg,TOUCHAN,train
370,train/TOUCHAN/105.jpg,TOUCHAN,train
370,train/TOUCHAN/106.jpg,TOUCHAN,train
370,train/TOUCHAN/107.jpg,TOUCHAN,train
370,train/TOUCHAN/108.jpg,TOUCHAN,train
370,train/TOUCHAN/109.jpg,TOUCHAN,train
370,train/TOUCHAN/110.jpg,TOUCHAN,train
370,train/TOUCHAN/111.jpg,TOUCHAN,train
370,train/TOUCHAN/112.jpg,TOUCHAN,train
370,train/TOUCHAN/113.jpg,TOUCHAN,train
370,train/TOUCHAN/114.jpg,TOUCHAN,train
370,train/TOUCHAN/115.jpg,TOUCHAN,train
370,train/TOUCHAN/116.jpg,TOUCHAN,train
370,train/TOUCHAN/117.jpg,TOUCHAN,train
370,train/TOUCHAN/118.jpg,TOUCHAN,train
370,train/TOUCHAN/119.jpg,TOUCHAN,train
370,train/TOUCHAN/120.jpg,TOUCHAN,train
370,train/TOUCHAN/121.jpg,TOUCHAN,train
370,train/TOUCHAN/122.jpg,TOUCHAN,train
370,train/TOUCHAN/123.jpg,TOUCHAN,train
370,train/TOUCHAN/124.jpg,TOUCHAN,train
370,train/TOUCHAN/125.jpg,TOUCHAN,train
370,train/TOUCHAN/126.jpg,TOUCHAN,train
370,train/TOUCHAN/127.jpg,TOUCHAN,train
370,train/TOUCHAN/128.jpg,TOUCHAN,train
370,train/TOUCHAN/129.jpg,TOUCHAN,train
370,train/TOUCHAN/130.jpg,TOUCHAN,train
370,train/TOUCHAN/131.jpg,TOUCHAN,train
370,train/TOUCHAN/132.jpg,TOUCHAN,train
370,train/TOUCHAN/133.jpg,TOUCHAN,train
370,train/TOUCHAN/134.jpg,TOUCHAN,train
370,train/TOUCHAN/135.jpg,TOUCHAN,train
370,train/TOUCHAN/136.jpg,TOUCHAN,train